n,sequential_search_itr,binary_search_rec
1,0.0000000898,0.000000532
2,0.000000117,0.000000648
4,0.000000168,0.000000777
8,0.000000259,0.000000704
16,0.000000377,0.000000810
32,0.000000613,0.000000952
64,0.00000107,0.00000103
128,0.00000201,0.00000122
256,0.00000384,0.00000151
512,0.00000751,0.00000168
1024,0.0000148,0.00000183
2048,0.0000297,0.00000199
4096,0.000059,0.00000209
8192,0.000117,0.00000226
16384,0.000234,0.0000024
32768,0.000470,0.00000254
65536,0.000944,0.00000276
131072,0.00188,0.00000287
262144,0.00377,0.00000302
524288,0.00752,0.00000319
1048576,0.0152,0.00000343
2097152,0.0307,0.00000357
4194304,0.0617,0.00000375
